date,time,PM2.5,PM10,CO,AQI
2023-01-01,08:00:00,52.483570765056164,81.95845255097682,0.4930772008008113,68.03751296232505
2023-01-01,20:00:00,49.85730651039976,70.8335126180644,0.4415284863721472,110.95779489153712
2023-01-02,08:00:00,54.33528581275328,85.3167470292871,0.49503511729825556,143.9128596555455
2023-01-02,20:00:00,59.25938200052688,64.82483998574897,0.46570210710381754,77.87148318850738
2023-01-03,08:00:00,51.0196179531521,92.75790545098657,0.481942258732262,110.63134435285926
2023-01-03,20:00:00,51.56420361551463,87.80695279234858,0.5431355889802643,95.29179505454303
2023-01-04,08:00:00,61.17339771038939,86.25459983205526,0.5999375524024378,118.73336794812676
2023-01-04,20:00:00,57.6544859133549,94.13297282082631,0.538908468236224,112.27075170219037
2023-01-05,08:00:00,52.00704597426457,101.57074489390442,0.46210969516592854,100.71625105660945
2023-01-05,20:00:00,57.60104652157992,95.66755731831657,0.5468588166704503,124.94569884939087
2023-01-06,08:00:00,53.10130723093595,67.72063198124317,0.587180458334888,152.89961890150173
2023-01-06,20:00:00,53.61581830731576,73.93652730788507,0.4995747934354702,114.59921387539116
2023-01-07,08:00:00,57.675875868376345,81.08418367851836,0.5260724779948784,134.39542406732502
2023-01-07,20:00:00,47.41639421143174,88.19024818932687,0.5362109769573414,95.69426261924382
2023-01-08,08:00:00,48.86968178136063,93.69953914134493,0.4989282070217915,103.9650980148337
2023-01-08,20:00:00,55.18866844353969,81.85551375964698,0.5732765169892572,134.04889810304465
2023-01-09,08:00:00,53.43576456715732,91.56676441059004,0.5374967716090041,155.7611112621522
2023-01-09,20:00:00,60.56457367240471,82.72730608541569,0.5671942915000474,134.63840891530387
2023-01-10,08:00:00,54.93986487689426,84.74364337745683,0.504507854146396,122.67996369205883
2023-01-10,20:00:00,52.89798013453106,77.36529922217052,0.5296651437985463,130.30790196492975
2023-01-11,08:00:00,67.75976012118093,82.7678266735078,0.5903030248413711,106.65921201854121
2023-01-11,20:00:00,59.7668014066654,79.04648160794919,0.538178001973103,145.065727380458
2023-01-12,08:00:00,61.689290219570815,83.36244482506618,0.6457928633133407,151.89135938576771
2023-01-12,20:00:00,54.67533103572578,104.20989000037142,0.5420766872567716,126.43189931469388
2023-01-13,08:00:00,59.51570085762831,84.72598899343105,0.5758948813930561,127.26015616406164
2023-01-13,20:00:00,63.221559627723565,121.08428417563617,0.613880168416722,143.12274599941566
2023-01-14,08:00:00,57.33177755099902,100.2278791584139,0.49890966770055567,130.17051263076195
2023-01-14,20:00:00,65.37518489843859,97.6708228101047,0.48435170211680323,138.63623145883992
2023-01-15,08:00:00,60.893292797907655,87.75994656183498,0.4986598937107532,182.96030698393747
2023-01-15,20:00:00,62.827350119140604,103.8607667168488,0.6406083797622127,136.98417153512597
2023-01-16,08:00:00,61.65586658655368,91.60829631913542,0.5524081536028231,135.667396258282
2023-01-16,20:00:00,74.29333458008868,99.08442783887958,0.710417858112487,130.7425068070988
2023-01-17,08:00:00,65.32068815173923,123.95726710306928,0.5567868217554249,159.38494554841506
2023-01-17,20:00:00,60.444268749091,97.88014333494063,0.596702080858782,141.63205555518041
2023-01-18,08:00:00,70.17835618240682,110.80981974763225,0.6670388677226773,132.9712925186432
2023-01-18,20:00:00,60.28213023038775,92.7534882607515,0.6926799466127317,173.03300380387927
2023-01-19,08:00:00,67.73905056495038,99.89515730509574,0.6978750313768232,175.59234652582998
2023-01-19,20:00:00,57.192201234458096,118.40426727769069,0.6576248764298565,135.72967404654355
2023-01-20,08:00:00,60.63265338705314,94.86904703897095,0.6507981127026483,110.88906842269043
2023-01-20,20:00:00,68.52792108600939,119.69671055710803,0.6315910151240927,168.79516002538546
2023-01-21,08:00:00,71.49277534734357,109.07411882610576,0.6432332165740636,135.3201053889503
2023-01-21,20:00:00,68.90071436519654,96.7869936769985,0.5790867436205571,165.13539393325723
2023-01-22,08:00:00,67.695481818873,109.141312539294,0.5680468849198654,110.1729852611643
2023-01-22,20:00:00,66.98430179343875,112.93869340160829,0.6110784040462708,167.6208911200667
2023-01-23,08:00:00,61.29939148944148,109.81733471297771,0.6050072608350655,125.6808635874089
2023-01-23,20:00:00,65.28089353224935,88.27308305190925,0.5931030947437239,164.59625828190357
2023-01-24,08:00:00,66.7508242370807,97.06990340262028,0.6528100920407663,150.28433673032578
2023-01-24,20:00:00,74.49919224149349,102.22172853819274,0.6679600008669041,130.87919115559146
2023-01-25,08:00:00,71.0767749867677,104.29776459388944,0.6267964891171346,141.7176102425554
2023-01-25,20:00:00,60.67401539316798,111.58340197204814,0.6984110263499053,163.4264325589242
2023-01-26,08:00:00,71.22550060863414,107.47752958855641,0.5695850110850671,151.60123548038865
2023-01-26,20:00:00,67.78077870948094,92.66003394480279,0.619097603601184,160.89669994999014
2023-01-27,08:00:00,66.40785812090017,110.11740087005528,0.5950263383509651,188.4044801484636
2023-01-27,20:00:00,72.92223130362032,112.7120836842934,0.5396028767091745,117.20058985397864
2023-01-28,08:00:00,75.07527921143752,112.48367051020908,0.6308329137749673,180.3824116334443
2023-01-28,20:00:00,74.6181214647908,117.96173066727171,0.630891417138034,149.62152729610767
2023-01-29,08:00:00,65.7920488658961,115.74980639171037,0.7146373496371234,128.9990787343225
2023-01-29,20:00:00,68.45344667709283,112.24744246590606,0.6724653683400631,119.75359919398869
2023-01-30,08:00:00,71.65214569035767,107.18733303152837,0.5916488474646096,141.90805982083393
2023-01-30,20:00:00,74.85482481826517,91.50092213760456,0.7374693406994883,163.40033689610468
2023-01-31,08:00:00,67.54746341120995,112.61635405266021,0.7076956812532744,141.6403407205204
2023-01-31,20:00:00,68.96626531538315,110.59469942962727,0.6776005725222719,173.58644418987544
2023-02-01,08:00:00,64.29913781617492,111.41918825685836,0.6389952316329482,113.46086187286826
2023-02-01,20:00:00,63.77110692040864,96.10933951742052,0.604142939155418,141.31366804735808
2023-02-02,08:00:00,73.72123058536481,98.22745990430546,0.6352714039507364,115.52978304522883
2023-02-02,20:00:00,76.33146752611566,119.71846027051723,0.7100570603915047,146.8247779350484
2023-02-03,08:00:00,69.06716869728054,108.92792998209543,0.7515575492354354,156.21786578589004
2023-02-03,20:00:00,74.30721433747398,116.26262382251102,0.736169411266082,128.94760978992932
2023-02-04,08:00:00,70.94554275024429,109.84246892864839,0.636213845129595,84.1173600256712
2023-02-04,20:00:00,65.74517340279262,109.95600059514491,0.6062942960746759,138.9768209066987
2023-02-05,08:00:00,70.59688190785609,119.12787502900058,0.6709077971479889,142.48769469896865
2023-02-05,20:00:00,76.28507669652777,104.6585945301024,0.5769990002654819,140.55419329676266
2023-02-06,08:00:00,68.20675870101394,110.84163016784647,0.6831057116085051,155.86113603975423
2023-02-06,20:00:00,75.98626455850261,105.30639985444809,0.6610621403478584,108.36498761924
2023-02-07,08:00:00,54.827808208915314,105.62024993655056,0.6466036934451576,141.99592593236696
2023-02-07,20:00:00,71.78604177310456,106.89686430565746,0.591601643831486,150.8139100740612
2023-02-08,08:00:00,67.84845634542727,112.2206005508605,0.6984158416439388,89.93245658370172
2023-02-08,20:00:00,65.64177040799642,105.20975335641413,0.6474673306675908,130.40770199386108
2023-02-09,08:00:00,67.30629963769024,122.54007786822821,0.6169403072811233,112.41328644108906
2023-02-09,20:00:00,56.60765995781512,101.00902716380645,0.5331238039295964,119.32219236876846
2023-02-10,08:00:00,65.13270133420892,108.04628545904102,0.6766286792211335,126.33729937368986
2023-02-10,20:00:00,67.6899639980197,105.4649281498112,0.7678510200394785,108.04752828778223
2023-02-11,08:00:00,72.95524170739151,124.26661186316787,0.7635016903198604,102.66534554561659
2023-02-11,20:00:00,62.62407557228755,111.68436021731343,0.6587502539516961,115.23093702894991
2023-02-12,08:00:00,60.81116234360654,119.94665545590433,0.6526266292900531,91.15424411700047
2023-02-12,20:00:00,61.971869645362865,94.66946047395456,0.707273725944038,89.5187659865998
2023-02-13,08:00:00,68.67379147787584,112.07992120827203,0.6349789307544372,123.14562797589886
2023-02-13,20:00:00,65.3460528971311,118.17763001322335,0.7010161959650721,84.89393561224125
2023-02-14,08:00:00,60.64870012038017,109.96366885052754,0.7252240283320208,119.49846595937834
2023-02-14,20:00:00,65.44903408516409,119.6428024820616,0.7492249172987958,113.71918331465876
2023-02-15,08:00:00,62.94358462806466,103.65001157943937,0.6837934419182314,68.24111108727803
2023-02-15,20:00:00,66.86754546570683,122.73906530496524,0.6795048221616393,87.49259848706929
2023-02-16,08:00:00,58.071128890854894,131.44513949991986,0.6466410515809685,123.21149791942909
2023-02-16,20:00:00,59.49144104650323,104.62629275653025,0.6500119815307045,77.99220624672989
2023-02-17,08:00:00,58.709191921889975,103.58621127968672,0.6808118665089128,86.61644262561423
2023-02-17,20:00:00,52.884108564872236,122.3497677964381,0.7112477451404199,103.43957273794436
2023-02-18,08:00:00,61.20655728366016,123.37455480215266,0.7392660667009165,108.16681440278873
2023-02-18,20:00:00,60.54818487042373,102.10146755573756,0.6540988272376725,85.77769650528795
2023-02-19,08:00:00,58.77847197505543,102.86786361950787,0.7695265901477926,77.17854895537498
2023-02-19,20:00:00,57.083377566738264,103.9800893622815,0.6819336967522848,115.90921255917452
2023-02-20,08:00:00,50.67665417091718,93.07028876649989,0.6949824428991799,120.5876151361484
2023-02-20,20:00:00,55.14164044373641,97.03390747494888,0.659214264631617,103.75127633783215
2023-02-21,08:00:00,55.01720099512819,95.87355159606166,0.575849888101978,84.26358180781405
2023-02-21,20:00:00,52.20022801442034,97.92054452066098,0.7417141433684163,64.79551969133468
2023-02-22,08:00:00,54.881351578887326,104.92439475865127,0.7347668760789213,62.77794993480924
2023-02-22,20:00:00,57.17991944177531,107.27541552793271,0.6842338686056932,88.28736380032885
2023-02-23,08:00:00,64.05859639970774,120.08974189602942,0.7019880344554035,84.68135183804795
2023-02-23,20:00:00,54.96507480355549,94.2422570760652,0.7247363348600637,102.8495188622863
2023-02-24,08:00:00,54.84137666416618,113.69982569545732,0.6210755231452504,86.36032130236534
2023-02-24,20:00:00,52.640159561904085,101.33741751090471,0.6729761412005161,50.0
2023-02-25,08:00:00,42.87503029998243,102.5934336938421,0.7393304426731896,91.55351518660895
2023-02-25,20:00:00,51.7909560934116,109.43725593145489,0.6370536102473622,50.0
2023-02-26,08:00:00,51.67786792433811,91.05322532148574,0.7145592614284244,60.13703153738101
2023-02-26,20:00:00,63.145082691753316,105.68649482653576,0.6321279473877938,71.52739415376065
2023-02-27,08:00:00,49.31859873158736,103.09961556049727,0.7233165846851655,105.18303911074915
2023-02-27,20:00:00,51.23946065506072,105.92322742254277,0.6982134273795142,126.25520022299364
2023-02-28,08:00:00,49.00968739359354,103.44513246232721,0.6192016945381229,75.02069681665562
2023-02-28,20:00:00,42.7919930607076,124.65247710982624,0.7581204118061452,58.09535307271682
2023-03-01,08:00:00,53.80266137051165,93.25959619624957,0.6630414129866313,71.36741672943887
2023-03-01,20:00:00,51.30281511445882,93.85623325380533,0.6591083278719652,77.3946714269617
2023-03-02,08:00:00,50.954761422069964,92.45589005773904,0.7094618058659111,52.23992834629158
2023-03-02,20:00:00,41.911374318573706,92.64570515300264,0.7566400834434048,93.61784687492128
2023-03-03,08:00:00,52.93365861035351,91.33208069939533,0.6481545110381025,61.425099769069604
2023-03-03,20:00:00,38.37487814367945,109.09409687958308,0.7017295459566022,65.9393836286648
2023-03-04,08:00:00,47.78633933760124,110.89967014913667,0.7197489518785792,68.51560338129676
2023-03-04,20:00:00,55.27612687312864,90.47079295720626,0.7325886660354931,62.89413221102572
2023-03-05,08:00:00,38.847233997940116,87.33147912617449,0.7063434781719812,70.56004081100104
2023-03-05,20:00:00,40.449160183436575,99.83934163268927,0.6787208566363168,50.0
2023-03-06,08:00:00,43.26469600540594,89.06670340469621,0.6552065037015022,50.0
2023-03-06,20:00:00,39.740295404760644,100.37582339976524,0.7003699844828483,50.0
2023-03-07,08:00:00,34.00141807104556,95.52736004525849,0.6418957232333352,60.39712644286311
2023-03-07,20:00:00,41.60081723032748,77.78659870258119,0.5488382464596139,66.78313277445459
2023-03-08,08:00:00,35.45633034923667,107.85952186372161,0.7161001832597054,60.0145412302883
2023-03-08,20:00:00,42.652605965189956,109.77843346212289,0.7387988023562891,84.06140017812439
2023-03-09,08:00:00,35.211629539019704,85.12195271050717,0.5747488767030468,50.23022325809321
2023-03-09,20:00:00,47.09019980574472,86.79824414267213,0.6416661053007905,63.54596315778276
2023-03-10,08:00:00,34.96406095725269,92.9548142738921,0.722331339300321,50.0
2023-03-10,20:00:00,36.81818840153389,92.85735455787376,0.7934333756900284,50.0
2023-03-11,08:00:00,42.05295961728482,95.5108283212522,0.6907474071419528,63.92087648539575
2023-03-11,20:00:00,31.396971984695963,108.43625124730838,0.6524209979554783,67.05604837734248
2023-03-12,08:00:00,38.26388246359188,85.97002546161342,0.6787542167478982,50.0
2023-03-12,20:00:00,43.247274620216984,79.15854055684038,0.755685397582039,50.0
2023-03-13,08:00:00,28.26912392396917,72.74731254067999,0.6536507296857523,50.0
2023-03-13,20:00:00,36.834994655223824,78.62742723711658,0.6449617113020959,50.0
2023-03-14,08:00:00,36.82712768893786,84.99916733709057,0.6597217128565354,69.07782285808419
2023-03-14,20:00:00,39.06360861245935,102.6674684244265,0.6350954401325628,63.186866753995105
2023-03-15,08:00:00,28.607694309490526,78.93523045238348,0.6877639785940655,62.16550550948812
2023-03-15,20:00:00,27.83956396776947,85.73693602498713,0.7616988015265878,53.673355269600385
2023-03-16,08:00:00,36.7126634599626,82.721059245259,0.6954193009494418,53.40048276029479
2023-03-16,20:00:00,35.260952083694114,94.15423111572566,0.665414389470924,50.0
2023-03-17,08:00:00,34.71377659470355,106.9236716565902,0.6621747290665072,68.56260787691393
2023-03-17,20:00:00,34.89128441859653,75.72900829700993,0.5973057190257206,63.7494199333929
2023-03-18,08:00:00,29.46932568873771,75.52621090805722,0.718287698899722,65.9667885293052
2023-03-18,20:00:00,33.7540165606004,90.24494534253283,0.6688745352399088,50.0
2023-03-19,08:00:00,33.794510323904305,86.00506596658093,0.6623440759237262,50.0
2023-03-19,20:00:00,28.50709024595117,97.03638337907446,0.8295928810878409,80.76432318892931
2023-03-20,08:00:00,41.1709071486304,83.79235672646752,0.6834126029684117,50.241119683138685
2023-03-20,20:00:00,33.98805256324336,73.74478530767483,0.6293911588614433,50.0
2023-03-21,08:00:00,25.453057892773028,82.63001297951428,0.6441371654979187,75.82117366516268
2023-03-21,20:00:00,34.49702242991871,87.19764609686086,0.7213205319124288,55.245960284117245
2023-03-22,08:00:00,26.159663634579196,83.70422434225573,0.6679741282608531,85.46296654121302
2023-03-22,20:00:00,34.80158755650487,79.96284046371281,0.588778528973999,77.82440647294736
2023-03-23,08:00:00,36.506635556461454,84.94970800962697,0.70500545813337,80.41631071506842
2023-03-23,20:00:00,26.472254545090586,85.37119835778013,0.6239584641750228,50.0
2023-03-24,08:00:00,35.26917446593335,86.89779009683654,0.7493226036477167,93.62086626287174
2023-03-24,20:00:00,32.40753819758273,78.96418807101905,0.7079228752215088,75.98032170696163
2023-03-25,08:00:00,34.36006794663476,70.20998231712102,0.6297881718536202,64.77748260499203
2023-03-25,20:00:00,39.65473013032536,72.755811118904,0.7144102493634157,76.4712434478622
2023-03-26,08:00:00,28.879746652763632,82.76496310047392,0.6519290791070951,50.0
2023-03-26,20:00:00,26.288900598629837,61.945653228920236,0.6893239103531243,84.74881897978617
2023-03-27,08:00:00,25.575912590027446,73.22106446263716,0.6690431894975793,57.51667731372936
2023-03-27,20:00:00,25.92537142312374,65.02469545485182,0.6005827904395677,52.60479457958668
2023-03-28,08:00:00,29.614901549158244,68.67395874236064,0.6087903172777815,50.789029974802595
2023-03-28,20:00:00,31.717209377162458,80.60437278710575,0.6905065103129494,105.09005954801438
2023-03-29,08:00:00,31.42098675663697,69.16934510329806,0.6202842068829998,71.87128588561622
2023-03-29,20:00:00,34.214556481263315,67.1666144985697,0.614829271495094,116.76964771283512
2023-03-30,08:00:00,30.19975045231091,52.5532119670016,0.585218882424686,77.03395524009976
2023-03-30,20:00:00,37.473463193547815,73.069696213359,0.6520932602047579,55.272121527420474
2023-03-31,08:00:00,28.968458039157312,71.52348292579181,0.7319532151581303,68.7705302702856
2023-03-31,20:00:00,43.993370331102554,86.16899028254372,0.5733397450672003,117.50945446037377
2023-04-01,08:00:00,33.63640057390041,60.933009321455515,0.6257929416468825,91.37593617696128
2023-04-01,20:00:00,26.352485476424373,65.68341279646421,0.6930351326895878,85.23530628365539
2023-04-02,08:00:00,25.428592279486207,65.47385310823373,0.6162611355681381,101.11303651450811
2023-04-02,20:00:00,33.35466147920161,78.24986143880601,0.64065826962889,109.66240106164884
2023-04-03,08:00:00,29.998573380227224,61.025104971785176,0.5626942671950727,123.68923591830857
2023-04-03,20:00:00,34.87369030555297,64.27863701692952,0.6349817701538143,132.02418022930885
2023-04-04,08:00:00,33.87174776749672,67.08558542352736,0.6019403045446934,97.56816721891968
2023-04-04,20:00:00,31.357206238741796,62.39895120516835,0.6582941778172748,79.94632931459681
2023-04-05,08:00:00,27.716930307475813,55.60300512770198,0.6660666294537452,99.89411762692404
2023-04-05,20:00:00,24.619795045315335,61.551161237200695,0.7338450811490425,115.05556916221636
2023-04-06,08:00:00,30.217989867444587,69.89813108763964,0.630998491716007,92.24973580045324
2023-04-06,20:00:00,37.002300173466146,48.45703497740861,0.6159373869257081,94.04329879942324
2023-04-07,08:00:00,34.07352159779289,59.62126731801237,0.6069787740622395,121.70797128199708
2023-04-07,20:00:00,27.069897958345898,50.868935561876086,0.5771949314146759,115.48762149101395
2023-04-08,08:00:00,34.472605325860115,69.40855208116956,0.6093532772683274,118.72570666679958
2023-04-08,20:00:00,35.85373441996689,41.823702220437,0.5752174617380185,104.48770947450242
2023-04-09,08:00:00,29.840403969289426,51.0735520770704,0.595952095731912,116.61433526437071
2023-04-09,20:00:00,35.372706833145266,60.05196868410012,0.6509339684961584,104.27746399229495
2023-04-10,08:00:00,35.251102376845765,71.5622118257608,0.5322360040721579,142.07910570430244
2023-04-10,20:00:00,29.612504187768057,54.886790601585304,0.6370505655466264,146.46458885703828
2023-04-11,08:00:00,37.49463234585365,49.63997324752927,0.6433908321786858,90.29001804488826
2023-04-11,20:00:00,38.89871627060769,73.66171729524115,0.569095504419453,110.04572964976151
2023-04-12,08:00:00,41.90961333244461,40.038833181771906,0.46635592562520223,100.09385937486125
2023-04-12,20:00:00,42.17309551688429,32.2105259103059,0.539493678745769,118.37715669117425
2023-04-13,08:00:00,30.435322848435767,58.2892666127264,0.6321574631056759,131.02516890457372
2023-04-13,20:00:00,33.063669422481865,48.57017086457604,0.5635746254004512,104.97887097425775
2023-04-14,08:00:00,40.766313424811834,43.091156628036586,0.5121510319905389,116.7724776584362
2023-04-14,20:00:00,41.20729693613486,60.1111232605367,0.5342638245687485,116.32702083173905
2023-04-15,08:00:00,41.66938673618795,55.201059027071906,0.5989088026974013,141.70519801687792
2023-04-15,20:00:00,58.821794879773094,46.86928977966438,0.5815790081302946,140.0562534747268
2023-04-16,08:00:00,42.8844378915126,39.465694494256354,0.5396500466185414,125.29865840681282
2023-04-16,20:00:00,46.187165116441456,60.763714527196115,0.5306000441750532,144.28714584790404
2023-04-17,08:00:00,45.76584020524523,58.323393359710956,0.5266887614843597,130.78652553852476
2023-04-17,20:00:00,44.746058864193195,50.623793041583646,0.49748285624724337,137.20736379490359
2023-04-18,08:00:00,40.41243310454829,69.88810864324228,0.6216906418674351,176.9797042682678
2023-04-18,20:00:00,46.28933158213049,40.53917698013514,0.5221166258065083,171.13891435638448
2023-04-19,08:00:00,39.14171438445499,35.81523478288926,0.5963941731467984,119.10497071269968
2023-04-19,20:00:00,42.33836636878426,43.99411530622768,0.6088989608731121,162.4051153867543
2023-04-20,08:00:00,41.61713575705596,50.31235960940788,0.5800394363147472,162.69839967936923
2023-04-20,20:00:00,44.97930094658842,53.06901366659677,0.5058279406490656,124.1105582400065
2023-04-21,08:00:00,56.673286633825825,48.103089765787054,0.5448753682816069,164.00137432370644
2023-04-21,20:00:00,36.297419247436,53.92831812599414,0.5207543453525991,178.8784524985761
2023-04-22,08:00:00,49.602083717558635,37.797211971233686,0.4740501616700704,126.10632503326316
2023-04-22,20:00:00,38.647122923374155,64.6676628282274,0.5327207284313165,130.5874717506582
2023-04-23,08:00:00,44.893438066317565,49.338519065241286,0.45481517918833964,169.61351729019054
2023-04-23,20:00:00,53.242312879114685,61.27563634344078,0.5704129520754381,154.9550271780739
2023-04-24,08:00:00,48.66508009664313,53.48523606746949,0.4850578564283492,160.76124127471067
2023-04-24,20:00:00,43.50232280353172,54.593495691459225,0.5156048830831328,156.69161376485644
2023-04-25,08:00:00,45.86272946305584,55.70430707424844,0.5169684291322368,157.7832062092263
2023-04-25,20:00:00,53.38586010525441,54.477088703146244,0.4871153945146788,123.47054306816258
2023-04-26,08:00:00,46.88467068151805,56.43330039912356,0.5266519295076904,170.91824100184556
2023-04-26,20:00:00,52.16702548221298,63.31636609599498,0.47082915763765926,173.2768243865671
2023-04-27,08:00:00,51.86000403297574,52.02151083699502,0.5353973272940598,145.15168590304842
2023-04-27,20:00:00,48.920327004250915,57.190472093986074,0.4217931372034631,148.66594773844437
2023-04-28,08:00:00,63.442593636630505,49.25987130090699,0.4926728114653731,118.65107224458906
2023-04-28,20:00:00,56.43496345134588,64.62782842718997,0.5805645614401221,159.23811099299172
2023-04-29,08:00:00,43.67969296372487,43.54476619104915,0.4308689067490868,160.01639284094247
2023-04-29,20:00:00,55.274850990740816,68.41269666007696,0.44426918262436527,146.89653059201012
2023-04-30,08:00:00,51.5675522862162,50.10884607284243,0.5011268919931952,170.13591525096092
2023-04-30,20:00:00,59.66888632096649,36.322292579238656,0.4816902798911921,140.41976872593864
2023-05-01,08:00:00,51.97028176823623,52.04313990172096,0.4875275218322253,157.79050918969256
2023-05-01,20:00:00,55.88090383828377,44.09600955522154,0.49174584514050274,125.44750225493183
2023-05-02,08:00:00,59.496365153495354,59.469709076007504,0.4963191893535625,144.65823869406523
2023-05-02,20:00:00,61.81180058227499,44.706031967081934,0.5173713995227142,140.877620246678
2023-05-03,08:00:00,51.987506529843074,46.951614772330736,0.4796878034031558,148.05411763928393
2023-05-03,20:00:00,56.81643364018966,32.711321606133396,0.4444521286659042,135.28946495449168
2023-05-04,08:00:00,56.607775543443594,47.28896617356834,0.4874700196365451,139.13240714667052
2023-05-04,20:00:00,56.20265777531336,30.0,0.5461704399317975,157.31554889006404
2023-05-05,08:00:00,68.77625015916436,36.419311232086265,0.4418888513668702,131.04409541473862
2023-05-05,20:00:00,62.446074698158576,60.10330672794836,0.3971479555683984,106.58583497657638
2023-05-06,08:00:00,54.581090344184815,60.60962527022626,0.49859252090513606,172.60152288493617
2023-05-06,20:00:00,65.93097113443021,57.27019875290606,0.4345941763944782,164.0871675448566
2023-05-07,08:00:00,72.40005766819385,43.62128532182485,0.3293656789352337,109.41820099054846
2023-05-07,20:00:00,67.39034538481938,53.10066437251496,0.477767828106889,147.82151247609804
2023-05-08,08:00:00,55.06070855840623,53.839669895443926,0.40604007901680816,122.69174856405883
2023-05-08,20:00:00,60.65640095582111,42.60102579147302,0.4257022117108463,136.70636263301176
2023-05-09,08:00:00,69.82229751238044,69.5385623333843,0.4442634083281281,135.9695079164196
2023-05-09,20:00:00,60.34941369510738,63.60890265265513,0.4346385027696729,124.00989838017645
2023-05-10,08:00:00,66.49642516730788,52.966992232577404,0.45804932761036843,111.60202314995449
2023-05-10,20:00:00,68.52931984649297,55.79735586108991,0.39828020452208385,112.01372118376081
2023-05-11,08:00:00,60.38928821366919,57.97454936145958,0.4432026421725664,106.01754177005844
2023-05-11,20:00:00,65.08279741481502,35.84580336725905,0.4020783622747976,106.19314994445799
2023-05-12,08:00:00,49.51899545179123,54.173858281360765,0.44952054760734855,119.94739627552315
2023-05-12,20:00:00,60.93646665014001,50.218157039580646,0.44088917452552473,105.41209352722896
2023-05-13,08:00:00,65.11655087388439,47.423888077974496,0.3609065540764422,131.78146789106108
2023-05-13,20:00:00,60.44913498228377,55.04072492064035,0.4595526554898487,146.2771510335054
2023-05-14,08:00:00,75.14620685607255,76.2496095330813,0.376048265864438,103.30352366505537
2023-05-14,20:00:00,60.116760222607084,65.11138779239211,0.44086049734326427,118.04751227865248
2023-05-15,08:00:00,65.33756555578653,53.4304005603218,0.4164518727719543,121.59236606376192
2023-05-15,20:00:00,68.44861240362155,65.3160799594851,0.4876457669471349,119.3643116199253
2023-05-16,08:00:00,75.24500462583123,74.04050891649536,0.3822319786879776,109.75730363641766
2023-05-16,20:00:00,61.089479787417154,69.7584411508516,0.37362819006289505,121.396091156654
2023-05-17,08:00:00,74.30101214836215,61.5818082315336,0.38783229389495205,114.4839728832547
2023-05-17,20:00:00,68.73884914858156,54.99758698562125,0.37137445266579405,78.37660609310977
2023-05-18,08:00:00,63.96856625671596,68.93848432103856,0.4242820549227252,118.80015603974559
2023-05-18,20:00:00,71.36084595076004,66.38804050358817,0.30124272090677295,117.44836537236432
2023-05-19,08:00:00,70.20550840247479,71.90948297263807,0.327169614347047,82.72269020126733
2023-05-19,20:00:00,66.35454883121761,69.82084804195848,0.3242816804860283,97.03539814299472
2023-05-20,08:00:00,69.83549943263914,74.48323497755058,0.4230283152673362,108.23582885785797
2023-05-20,20:00:00,67.676110827206,59.16071250814228,0.45890813747150944,88.68196637430479
2023-05-21,08:00:00,70.27170190758444,78.21891866341343,0.3660433669788387,112.63518395066433
2023-05-21,20:00:00,73.10137514635288,67.55921882919671,0.36073732403532016,136.77082998899814
2023-05-22,08:00:00,77.79251748735524,86.88017980308487,0.37061821664370753,72.10377162110977
2023-05-22,20:00:00,63.7301186139863,59.78591425332984,0.4231717260622524,58.547031139245746
2023-05-23,08:00:00,80.62613403056999,84.5932919431488,0.3166977442582244,90.60499163174035
2023-05-23,20:00:00,60.22727611865285,69.77402801250089,0.3729972063970187,97.33875963855876
2023-05-24,08:00:00,69.240494378734,61.84717357826142,0.4078781351147445,76.68917149077488
2023-05-24,20:00:00,72.9376585933922,64.09385607400881,0.382238967458338,108.79268396134543
2023-05-25,08:00:00,71.38263509536363,66.30528760377108,0.36475621800689456,51.400165554017086
2023-05-25,20:00:00,66.83074568783097,74.33090801566176,0.4034495517537978,90.50113278645352
2023-05-26,08:00:00,68.85518906197721,75.9022871360382,0.216383327885766,63.0234892254974
2023-05-26,20:00:00,67.36737862319649,65.52556422543714,0.3836143379226863,108.0554419321285
2023-05-27,08:00:00,66.80721617952275,71.61134945187538,0.31522069448243817,112.07633383018245
2023-05-27,20:00:00,73.90883976515026,93.87337840015263,0.2546253557322542,55.4836982880927
2023-05-28,08:00:00,71.33789882625825,90.32508205394745,0.36997860030815755,58.45080804087161
2023-05-28,20:00:00,65.96554962636058,78.01480510430797,0.4113921422974595,85.29476341751725
2023-05-29,08:00:00,73.79074964069802,74.63620893021111,0.3341571305873965,59.0589563136556
2023-05-29,20:00:00,70.67738035423584,76.06352487575559,0.3870235375829297,64.6309476963099
2023-05-30,08:00:00,73.03891995486029,81.60760351825367,0.4183742000747141,64.82506681926989
2023-05-30,20:00:00,71.94219944682496,65.85562712622938,0.40191701459253604,50.0
2023-05-31,08:00:00,64.45438121411786,74.12257446718333,0.4166113498983113,61.72406503847405
2023-05-31,20:00:00,65.58975378923671,60.62468481086886,0.37019244947039304,50.0
2023-06-01,08:00:00,71.90458849775035,81.91808110590186,0.3353621156561961,50.00057040327365
2023-06-01,20:00:00,70.98375952932051,85.0140117239592,0.25002819064470394,87.7369529624101
2023-06-02,08:00:00,67.57769198933072,74.3270073910398,0.31639136855980415,50.0
2023-06-02,20:00:00,68.00582059592998,95.51591543587907,0.2851324085751567,73.27722462416946
2023-06-03,08:00:00,73.53138179399554,68.13566177480837,0.43447461662284453,50.58356111384769
2023-06-03,20:00:00,63.896171741126814,66.36667368841862,0.31579868683525114,50.0
2023-06-04,08:00:00,69.28780222569262,83.87161698705437,0.3294517199133333,70.42524327857163
2023-06-04,20:00:00,65.22718103302053,92.71406928629135,0.3495975007976482,60.7259348873151
2023-06-05,08:00:00,64.82334604766508,99.6974009953995,0.32296859567945274,64.69845377621584
2023-06-05,20:00:00,71.06726853603017,78.88310925091774,0.4043399880292404,72.0661041617855
2023-06-06,08:00:00,69.35037734051085,94.87111811931877,0.2872878778423435,50.0
2023-06-06,20:00:00,68.92929768715328,84.30985385278419,0.3270177954919273,50.0
2023-06-07,08:00:00,71.0164121546362,83.57730665138341,0.27906535030194174,50.0
2023-06-07,20:00:00,64.21040116522815,94.74657479320192,0.24912379764539996,50.0
2023-06-08,08:00:00,67.12089461176178,93.0370979094747,0.28350729924259843,109.61109249986868
2023-06-08,20:00:00,61.75522445398233,71.35108353616168,0.31124972513205235,75.28070964160104
2023-06-09,08:00:00,64.51280365447039,102.47853235929897,0.29067743264163265,50.0
2023-06-09,20:00:00,61.816967476052625,102.10890071189857,0.27659782189715093,50.0
2023-06-10,08:00:00,62.51898995942348,82.64370117550432,0.2400148466735663,59.64902519139619
2023-06-10,20:00:00,64.56706557105923,93.44493690547121,0.30532297925366936,60.94930035698989
2023-06-11,08:00:00,57.04872346867571,95.01076041835081,0.233425626676376,61.03277348484831
2023-06-11,20:00:00,71.14192561028742,93.25648974611497,0.34588383417774493,50.0
2023-06-12,08:00:00,55.18202666198715,85.7214853786824,0.3112585642609695,50.0
2023-06-12,20:00:00,53.66560896793466,85.07833602172175,0.23355083234858776,57.11776988561117
2023-06-13,08:00:00,65.04421690524619,92.10406839949191,0.29029620751599816,52.56300894587004
2023-06-13,20:00:00,62.72212199083207,104.64670611828271,0.26751364487355656,50.0
2023-06-14,08:00:00,61.38795774252515,98.9097546948169,0.3204816637180764,50.0
2023-06-14,20:00:00,60.906414132573296,90.31624277263725,0.37098371542338393,50.0
2023-06-15,08:00:00,57.19493676648893,102.28206959556746,0.2096777121467151,56.06291503719408
2023-06-15,20:00:00,52.2559216542376,66.61618637215744,0.3086997684344636,112.83314716059132
2023-06-16,08:00:00,56.602164851237205,107.11940621875176,0.29449103168829094,61.101999214871825
2023-06-16,20:00:00,52.31359836921621,78.75813017117702,0.33565104524344413,50.0
2023-06-17,08:00:00,60.04698095357662,93.0475377581312,0.31236748358244076,73.5995476253369
2023-06-17,20:00:00,53.90417863557061,85.98486916590439,0.26377010795175565,65.60236879437974
2023-06-18,08:00:00,49.976571045561776,84.73710026748698,0.28511417554444896,65.18739578408453
2023-06-18,20:00:00,51.95863049850694,109.78704310881513,0.2610013094673352,69.81023009271094
2023-06-19,08:00:00,55.08903613186717,93.98892722491249,0.35437617113410275,99.74157521713602
2023-06-19,20:00:00,49.662299032003254,102.61023960415528,0.30145213312488006,50.0
2023-06-20,08:00:00,47.8244955540245,99.14715119143672,0.39529438166920094,70.10317024401166
2023-06-20,20:00:00,52.60725254922969,104.84961662065402,0.2970876921294513,50.0
2023-06-21,08:00:00,52.06582305149135,101.301777848233,0.26462389013398613,73.94573534611293
2023-06-21,20:00:00,47.75781507440179,88.14929415107439,0.22431962912430597,50.0
2023-06-22,08:00:00,47.38866001284782,111.37866023433652,0.2098471171494904,56.86786032492381
2023-06-22,20:00:00,50.35561460072377,96.9061351324083,0.22083368818604626,60.565324312724
2023-06-23,08:00:00,41.40706216660802,86.69634310301551,0.3134708275813665,87.27481538557916
2023-06-23,20:00:00,41.063301897603424,98.39004664633379,0.32566236728118764,87.45684212915407
2023-06-24,08:00:00,43.96296607579595,118.07823419902914,0.22131579249826205,50.0
2023-06-24,20:00:00,45.94435785931093,111.96252451383816,0.3453140170987994,72.95242624097976
2023-06-25,08:00:00,48.024787026127704,100.35352434005614,0.27663334977666,59.09561282658137
2023-06-25,20:00:00,53.308342436065026,100.71711425680866,0.30838783889113913,50.0
2023-06-26,08:00:00,49.68423362247691,101.35273693410144,0.3819584413419849,71.90631543116588
2023-06-26,20:00:00,44.06408213829272,125.68556180382612,0.3465259767632176,71.59950117866637
2023-06-27,08:00:00,44.24039867332149,109.0758816370269,0.2886313956823207,127.85212915392873
2023-06-27,20:00:00,38.79880106466809,109.88469607276548,0.2579094796234662,89.54995928553353
2023-06-28,08:00:00,43.19950803180799,116.20403520893379,0.1953266519870057,54.93384728785766
2023-06-28,20:00:00,41.33445488311062,108.59504773583936,0.26744517123311806,72.80674679414008
2023-06-29,08:00:00,43.88245088085914,103.91159504352274,0.2933687330401598,106.16461706904063
2023-06-29,20:00:00,37.62963200088151,104.82215841348601,0.255125570756128,129.1573032835903
2023-06-30,08:00:00,43.86564519059871,106.34194467661034,0.2985177899961386,57.33510858139499
2023-06-30,20:00:00,48.44230430548531,106.94657995417892,0.3095560006773589,53.13548496946473
2023-07-01,08:00:00,39.75144635299824,114.84437705433588,0.29513993349465395,129.84337024856111
2023-07-01,20:00:00,41.82774708433646,108.32514848944349,0.2745883615329621,101.91535314364846
2023-07-02,08:00:00,42.80151212754541,115.35792653738123,0.3162632812962541,78.46312868733833
2023-07-02,20:00:00,36.884308347298855,107.4383286079495,0.3307057968059261,108.23238361006449
2023-07-03,08:00:00,39.558852989951916,109.23385687971289,0.25490304015771453,50.0
2023-07-03,20:00:00,38.05803399632057,88.6554650988043,0.3808197025831538,101.03561301672148
2023-07-04,08:00:00,38.0491690859335,117.97859163393598,0.30622946645435173,109.2379773254502
2023-07-04,20:00:00,33.27081831578737,112.44584327189942,0.3130226769209697,122.87725431677957
2023-07-05,08:00:00,36.84317859507307,119.11443379348736,0.3484475995137529,85.819065616611
2023-07-05,20:00:00,38.80537403451422,80.31281871804832,0.32568954734945077,109.5086913844802
2023-07-06,08:00:00,43.176154834529136,130.28776526507949,0.36271242814195226,90.97525279620893
2023-07-06,20:00:00,40.332441751427744,108.12431910145874,0.3304734603730802,116.26906534742393
2023-07-07,08:00:00,45.92853661235561,120.70574297108072,0.2865916392882397,94.91898366156286
2023-07-07,20:00:00,30.963590169703295,99.31601330568124,0.33641933415175795,106.31333079581655
2023-07-08,08:00:00,38.81107445533179,115.92138916056842,0.26232267861214525,96.19145512157867
2023-07-08,20:00:00,35.02702827920235,99.32545850422574,0.3261357673891818,130.74396164999692
2023-07-09,08:00:00,44.73213884106515,103.67524712135818,0.32027881215522347,136.48289396428225
2023-07-09,20:00:00,29.42664387225613,129.0939088508993,0.312800502957274,116.19138324004935
2023-07-10,08:00:00,28.966979479758464,108.07474866676459,0.31807877070585033,123.1939196133644
2023-07-10,20:00:00,29.878748826293343,112.17118570205403,0.231745516300782,94.97632131834264
2023-07-11,08:00:00,21.97924493396509,118.70011903590122,0.29976681663143984,119.44544514000658
2023-07-11,20:00:00,29.706056556274913,114.94614473610547,0.33324291480093743,125.8957997270256
2023-07-12,08:00:00,28.28857168444053,111.47070268646843,0.33802334837128867,180.74503539853623
2023-07-12,20:00:00,32.59909107539601,113.58062474746924,0.2801086130058176,107.48580137629179
2023-07-13,08:00:00,33.332451452651846,133.91700000098476,0.39627131056229337,160.36970021989876
2023-07-13,20:00:00,40.794905654660155,109.24583433568495,0.29120215072843525,152.34778924639193
2023-07-14,08:00:00,35.970538753384865,111.75956541188563,0.3845398669923789,139.3096875046418
2023-07-14,20:00:00,28.152404844210903,120.16907711966437,0.3590136852876092,170.11608938638614
2023-07-15,08:00:00,26.37762538050447,120.61919270700194,0.30696010972103693,143.59141803322697
2023-07-15,20:00:00,33.17646812113607,121.32312039726772,0.42968477129622595,145.09561222582107
2023-07-16,08:00:00,23.977392687265795,115.71653431494137,0.2829150699151269,137.3692580859438
2023-07-16,20:00:00,39.612156040816714,97.76318083040331,0.3902619227242783,163.9770985769223
2023-07-17,08:00:00,36.2430764316215,125.37918383202258,0.3960699289363252,162.46269932538718
2023-07-17,20:00:00,27.905803336954147,97.42075662901092,0.31427537125369887,128.99969817736488
2023-07-18,08:00:00,21.606677767256723,111.73767877716952,0.41922385284937413,116.05941254023608
2023-07-18,20:00:00,36.87730385104538,100.98352389915338,0.33892076811386324,139.2659444905567
2023-07-19,08:00:00,29.485805549027127,107.687780256654,0.36770823823320453,128.15503882543413
2023-07-19,20:00:00,36.213157565389466,111.40767565013289,0.3681677203691348,143.66364724330745
2023-07-20,08:00:00,22.03254328883871,111.11260655759506,0.350341518367595,170.4083905369035
2023-07-20,20:00:00,27.003460989082132,111.88541340323661,0.3995295929435765,137.18539120824133
2023-07-21,08:00:00,30.037261337743402,123.55877718187625,0.4006223724152758,146.09227052234573
2023-07-21,20:00:00,30.271696699399627,111.7008568390366,0.27550625951651997,148.67129813577634
2023-07-22,08:00:00,27.8272420400026,104.45629595032325,0.43016058330958984,164.98569682928968
2023-07-22,20:00:00,33.247588812639286,116.2596949257244,0.28385509760245176,103.52906340654008
2023-07-23,08:00:00,24.865958870552525,118.22321966658313,0.4206681627841807,136.7256213472217
2023-07-23,20:00:00,29.57778434505457,93.75098166099501,0.4274619068589474,153.4206226202319
2023-07-24,08:00:00,30.99161512736923,111.68858667107871,0.31868837537145234,173.47399949562242
2023-07-24,20:00:00,33.077545178776106,112.40295297072167,0.354829881726983,139.8536667818651
2023-07-25,08:00:00,34.19331156684557,102.0814804024624,0.322242712796278,112.32152287196779
2023-07-25,20:00:00,25.156487258012447,118.46946522065647,0.3689622897182476,162.34904390686967
2023-07-26,08:00:00,23.26805305282848,102.85666057245973,0.3665096566783983,137.2910617147197
2023-07-26,20:00:00,37.50028024224534,105.24748840659166,0.4231196472666491,126.18967617545307
2023-07-27,08:00:00,32.960954047113034,101.88535586773548,0.45189910912171855,137.4220247832915
2023-07-27,20:00:00,27.758513679371525,103.38621667062463,0.45843629209916226,146.08565910829597
2023-07-28,08:00:00,39.47219143463095,91.87219252440404,0.36283308171766204,137.48997324229455
2023-07-28,20:00:00,32.524050564079914,88.02928431276135,0.38279029180848845,105.22393720608218
2023-07-29,08:00:00,38.084997253493945,117.96019758843107,0.3114094646539473,166.96895916654984
2023-07-29,20:00:00,32.78234302324999,93.12156690814807,0.3576375076079895,174.15985974489132
2023-07-30,08:00:00,43.017942014429,91.24414944103344,0.4485424350353405,161.27029878667082
2023-07-30,20:00:00,41.773368071150074,79.18210681429017,0.4834665970529037,125.00691877344079
2023-07-31,08:00:00,32.0471016934489,93.8755551122591,0.3433759255613885,143.19541144488443
2023-07-31,20:00:00,38.45761065701902,86.57485978467848,0.37789392755457013,146.50389206356027
2023-08-01,08:00:00,37.14681232341052,115.75810943940596,0.40863802602984584,157.9644435925754
2023-08-01,20:00:00,41.095369270774775,108.96014188926068,0.4264244878504635,158.65552357095692
2023-08-02,08:00:00,29.771725241363136,91.49649525521679,0.37441085008055974,129.85213934532013
2023-08-02,20:00:00,38.38232405785303,120.41060392056542,0.43858468897084874,145.37005709547464
2023-08-03,08:00:00,40.61123883179922,107.20457553572794,0.39619582592395436,152.0188610054405
2023-08-03,20:00:00,26.903517781085988,93.63192066342152,0.42168641055212536,171.08239025002337
2023-08-04,08:00:00,30.169786075481305,71.37234472827372,0.45225906719682646,155.09941637983079
2023-08-04,20:00:00,26.289253117878314,118.75506606456355,0.4278159217160519,155.78553695489887
2023-08-05,08:00:00,35.547886595457896,81.42244568659252,0.4082391100451001,140.62901091168789
2023-08-05,20:00:00,40.902001996440816,78.33022776504131,0.4271546712598048,166.06393091717896
2023-08-06,08:00:00,45.25499348887875,104.46970535634289,0.4308064460645763,144.9077589633988
2023-08-06,20:00:00,38.55182438925373,118.09528052883286,0.4193256635437816,118.30532844592443
2023-08-07,08:00:00,46.771465465486756,106.98844096663127,0.4274997318286597,162.3672922008521
2023-08-07,20:00:00,32.18347623807258,98.22719489948857,0.5229964205879217,146.99043003899425
2023-08-08,08:00:00,31.03088277289334,97.97270870504993,0.47374527489363,122.86511212405422
2023-08-08,20:00:00,39.74173448938823,99.99129146450207,0.4335707445029996,120.7924535309498
2023-08-09,08:00:00,42.418989820557854,98.47354184395286,0.4858476582301196,134.93441656456784
2023-08-09,20:00:00,40.82152935588728,93.11868227199048,0.4369733611984683,136.8530888902228
2023-08-10,08:00:00,31.140918013924136,90.76692766143944,0.5149936839832795,130.08928235642668
2023-08-10,20:00:00,41.5320674938853,88.51301676988886,0.4775008938813962,130.89291165400616
2023-08-11,08:00:00,35.96089716095612,81.00946450149839,0.45634272045664925,157.16018039863414
2023-08-11,20:00:00,46.34284166532712,85.14890259209922,0.4867899225675488,143.058954862164
2023-08-12,08:00:00,45.34397692817787,70.42926006604371,0.3885632151897992,123.88242937679377
2023-08-12,20:00:00,39.3329773263275,85.77549133715374,0.4134777851608396,137.3139542675019
2023-08-13,08:00:00,41.988923604589615,76.27017447277728,0.4128347236326945,96.23354934460906
2023-08-13,20:00:00,39.79216809714705,74.51478405703706,0.4823981127379687,123.21899870033891
2023-08-14,08:00:00,45.308514444095806,86.74186047839233,0.5646013489170332,149.80506971395437
2023-08-14,20:00:00,50.934590809700715,98.25309092263106,0.592269391410041,107.60049487181648
2023-08-15,08:00:00,41.77010916949092,92.90454875405781,0.515339355083696,93.33713845348149
2023-08-15,20:00:00,49.76131677857947,67.40311579967207,0.5112145562795497,95.56434336982167
2023-08-16,08:00:00,45.134217333431145,72.5972637505908,0.3988575802241455,85.11964429300531
2023-08-16,20:00:00,44.3672291686345,91.28562460367564,0.46451699800310814,89.51512237124251
2023-08-17,08:00:00,48.34378511666193,71.43661135853846,0.4550032924981449,96.09212702359049
2023-08-17,20:00:00,44.250912629092184,78.39819229881687,0.46609294742200313,73.67875861791791
2023-08-18,08:00:00,47.207496198886574,85.52781042684737,0.49147152267657085,100.38817065096761
2023-08-18,20:00:00,44.534990003703,69.72659897246271,0.47901759381402204,116.40696327783822
2023-08-19,08:00:00,60.89624721201734,79.84680243236298,0.40640004788224804,78.49383888902413
2023-08-19,20:00:00,51.79637410804801,64.83630724971607,0.545502457398276,125.32612424860856
2023-08-20,08:00:00,48.667644316726616,71.54717256212562,0.4572101740560407,103.45372052444236
2023-08-20,20:00:00,53.780756532055086,80.14398779027722,0.5255480082155906,112.15487524270978
2023-08-21,08:00:00,52.691761597333965,60.4028434377705,0.6200255818220655,76.70190178088116
2023-08-21,20:00:00,52.688650129294125,80.12569303913921,0.47308493095948423,105.27635233732352
2023-08-22,08:00:00,57.40157283303914,74.91454414682445,0.39526891128548347,64.6883173718264
2023-08-22,20:00:00,58.65225967332786,80.02786800786312,0.5102081043672256,102.68893632436641
2023-08-23,08:00:00,52.7425358725459,76.1364833676225,0.5822767136499672,86.69553944335772
2023-08-23,20:00:00,53.04221046053243,86.93570352505827,0.6278613975639312,92.71822996408054
2023-08-24,08:00:00,55.06784672119508,73.94634039076472,0.4711762036749374,56.5573409608468
2023-08-24,20:00:00,45.45045369497647,67.80292913628274,0.56019215883377,60.6073009735815
2023-08-25,08:00:00,49.89582021597483,72.72619459957524,0.5147885361311264,88.91799925090265
2023-08-25,20:00:00,64.8122394396934,76.3460320974828,0.5354463421228313,56.498289554621394
2023-08-26,08:00:00,66.70279491557527,70.81533181914845,0.6756429615197885,83.25004144497228
2023-08-26,20:00:00,57.72648368788361,70.15042263366036,0.47095114087890394,50.0
2023-08-27,08:00:00,62.34140395471331,62.146705238499415,0.5614518291753101,88.08420783116381
2023-08-27,20:00:00,61.49470638819372,61.96431577932614,0.5748055176685384,50.0
2023-08-28,08:00:00,75.80521621992496,53.998804230811515,0.608356512716821,79.4373306917282
2023-08-28,20:00:00,66.4732078765422,84.9572261982535,0.5616025179956283,79.59421734837753
2023-08-29,08:00:00,60.692081473770834,54.46473657517643,0.5747313815792024,51.87513886253436
2023-08-29,20:00:00,57.00177486084451,59.421771733138655,0.5423607569191834,76.22028758462828
2023-08-30,08:00:00,54.18618758561173,58.61998438350858,0.578002207518438,68.59943433761669
2023-08-30,20:00:00,63.665483621573735,74.21254416321511,0.5499767765952857,51.46763497164561
2023-08-31,08:00:00,59.28663866636808,61.77928592784234,0.6007928820787333,50.0
2023-08-31,20:00:00,56.36751521794726,76.67815101152688,0.5537985502320898,50.0
2023-09-01,08:00:00,60.646166270328465,56.94446043088023,0.5936852658093531,66.07063828809662
2023-09-01,20:00:00,58.861091916347675,65.95485422426457,0.5759042040997742,50.0
2023-09-02,08:00:00,73.08360229641251,54.30411533875218,0.636192398189828,59.11183675887841
2023-09-02,20:00:00,69.42413074512157,83.6090925420127,0.5798277078832849,51.07459623502402
2023-09-03,08:00:00,65.33280525193477,49.78918626513084,0.4962377747836,69.11636087853302
2023-09-03,20:00:00,73.11755582170828,64.27870902368062,0.650461504173435,50.0
2023-09-04,08:00:00,66.43801372433487,67.041569661918,0.5445384059493528,50.0
2023-09-04,20:00:00,62.06600775113492,64.37326004074184,0.559579394017405,68.05799326300573
2023-09-05,08:00:00,74.29698344344399,57.922228332197825,0.5649099746796445,59.52593832417548
2023-09-05,20:00:00,69.67229279130787,58.02529623563853,0.6658224545857677,58.607570328997944
2023-09-06,08:00:00,62.07511347136318,59.31876991312198,0.49270607887865403,61.18558668952365
2023-09-06,20:00:00,66.58026123176823,56.97672827091035,0.7587477354453629,50.0
2023-09-07,08:00:00,63.41127877584006,67.66075738232252,0.6570145018868406,66.13811767585253
2023-09-07,20:00:00,61.119398113047524,79.71171882747645,0.6177053508560211,62.93898369688671
2023-09-08,08:00:00,72.8947388749465,51.62557412613694,0.6061104011277861,50.0
2023-09-08,20:00:00,78.02764290802968,43.10611779627662,0.6254240182239663,50.0
2023-09-09,08:00:00,61.6905215040146,55.53480297286019,0.6394727354105303,50.0
2023-09-09,20:00:00,71.6869436912677,81.83817658540538,0.6479263517973355,50.0
2023-09-10,08:00:00,65.79341921545415,47.63794058276788,0.6456729901314793,56.677872997733225
2023-09-10,20:00:00,66.77120475525012,71.70975579026097,0.6245768119694137,78.66630636544737
2023-09-11,08:00:00,66.39060615568023,71.74994652836828,0.6124132698052701,71.77135314337596
2023-09-11,20:00:00,65.16380083065066,49.10200213562452,0.6168759307375338,50.0
2023-09-12,08:00:00,69.84287779201695,60.003398872122915,0.6168301698641289,62.94724107442026
2023-09-12,20:00:00,65.54728242265784,70.28409250494049,0.6853762606309463,77.3568475897807
2023-09-13,08:00:00,71.14125227573327,49.906414422415445,0.6604535493155668,58.84457308063933
2023-09-13,20:00:00,69.60981910199139,51.37058919448019,0.4858196315104781,73.31572585720701
2023-09-14,08:00:00,68.72336305747233,47.30954334882709,0.6676724564909614,92.18627824667968
2023-09-14,20:00:00,65.42238779431881,42.71012216228765,0.646627202653475,72.91632652821313
2023-09-15,08:00:00,67.1034297470023,46.10774202933451,0.637942172409718,57.98549863124179
2023-09-15,20:00:00,73.7762799256217,40.115542729939826,0.6214127730293254,74.51355693221629
2023-09-16,08:00:00,72.50089517296969,52.461911870463354,0.6989789162650681,57.176554251866456
2023-09-16,20:00:00,65.09046875974532,44.199279551307576,0.6920573230636372,55.47763364341993
2023-09-17,08:00:00,70.44180616588731,54.02670255161649,0.6079176124022824,50.0
2023-09-17,20:00:00,73.65396872880895,35.931704418660146,0.6687670282869801,87.86723291582634
2023-09-18,08:00:00,61.48692020761668,54.61335042801396,0.6016565689885318,50.0
2023-09-18,20:00:00,72.47273358483415,59.46587351844177,0.5830552195095275,89.04979992741278
2023-09-19,08:00:00,66.34993106150517,31.031485494309287,0.6224683807217419,69.3753865246539
2023-09-19,20:00:00,72.40836156182921,54.55995633280993,0.6986630892448681,50.0
2023-09-20,08:00:00,65.6166729718247,62.958983242050344,0.7049095737901702,68.82450948471647
2023-09-20,20:00:00,60.271533080629695,38.46119782389112,0.684587908899096,50.0
2023-09-21,08:00:00,61.006683646037025,67.1711113702214,0.6968388379105146,76.25627781068006
2023-09-21,20:00:00,69.21886430072169,54.53586939402955,0.6880131573497476,82.65267386323876
2023-09-22,08:00:00,70.09681219100973,43.20840706148259,0.6317198365473542,54.34407055423499
2023-09-22,20:00:00,64.08222870764152,49.62627257893935,0.6869488966249291,69.94504592945452
2023-09-23,08:00:00,71.58838461442176,55.70529320178381,0.7069009851824645,107.87839130109086
2023-09-23,20:00:00,59.865587671986944,50.8327879190943,0.7060914139220877,60.03815384530205
2023-09-24,08:00:00,67.6068770870713,55.42367393274693,0.7292871719378758,50.36787944813881
2023-09-24,20:00:00,61.632783165460424,40.80544365923654,0.7066893934828054,102.60570244426214
2023-09-25,08:00:00,64.16595940944993,51.69454912350124,0.6902470815011816,113.68236400447054
2023-09-25,20:00:00,67.38629452183636,35.865257676608536,0.7275501617650095,75.99278729467251
2023-09-26,08:00:00,62.558488590945714,48.90430364524173,0.6740518169302616,97.66470600889085
2023-09-26,20:00:00,64.63634230044046,41.00434331221129,0.6325863774501458,105.80806944783097
2023-09-27,08:00:00,71.2766858913195,42.72765825456038,0.6697957469747229,65.69669212809448
2023-09-27,20:00:00,63.034637787823385,62.49609313275239,0.6419394643553283,72.43096186116853
2023-09-28,08:00:00,69.75945190156598,61.11310993229537,0.6466274680562875,108.36627621134811
2023-09-28,20:00:00,59.58262465568188,56.36885347272513,0.6743282911306588,119.07988923310805
2023-09-29,08:00:00,67.51888408025053,39.44439155068617,0.6430669093831455,98.28523117249996
2023-09-29,20:00:00,71.70521914925511,47.30602690820727,0.6683891343044887,71.09459185953385
2023-09-30,08:00:00,51.755755336734765,62.71618245300645,0.5901712005281841,130.1086648872707
2023-09-30,20:00:00,59.735480841986956,52.1299217515129,0.6965465597267966,81.43591565810348
2023-10-01,08:00:00,66.20097107696976,74.04599429201548,0.6869371122029475,87.04981134347176
2023-10-01,20:00:00,61.8860151930955,54.93816343044051,0.6469822073354147,102.30390356886895
2023-10-02,08:00:00,64.33289339620204,53.090037740702996,0.7217233785411773,128.25027729422817
2023-10-02,20:00:00,59.02376939667353,48.25514919894635,0.7365285400583411,115.95984174764081
2023-10-03,08:00:00,62.03411120206557,52.87062104323711,0.6101252925759881,108.89220222600606
2023-10-03,20:00:00,60.37151171645353,50.2114627029768,0.6531844534915018,111.5745332702007
2023-10-04,08:00:00,66.52915215679815,59.03016274770853,0.6536449817567095,104.89021154069572
2023-10-04,20:00:00,61.494644294340056,61.74088976534249,0.6458522041846047,116.88913680571684
2023-10-05,08:00:00,61.435157895073246,44.550543143561775,0.7350300742667033,56.83483951194058
2023-10-05,20:00:00,57.205028332230306,39.34635974368194,0.6845375776939655,103.18485391178857
2023-10-06,08:00:00,56.336678006853006,34.55646235789046,0.6816391480113598,115.62368283853232
2023-10-06,20:00:00,56.11561010141476,58.269721445892976,0.595271110608864,89.44450668439808
2023-10-07,08:00:00,59.748123147686684,42.43878462622242,0.7277976896256094,121.84414117973176
2023-10-07,20:00:00,55.16254913125483,32.237418032807696,0.634589542338261,111.66453543767673
2023-10-08,08:00:00,58.20248525054604,57.95708963033827,0.7000377833265984,152.4812332640245
2023-10-08,20:00:00,66.61167146461459,79.31725561351558,0.7113616122559466,150.42944527282208
2023-10-09,08:00:00,60.066655137482066,54.65335164520357,0.7659401475294091,111.22796453345848
2023-10-09,20:00:00,53.55297985260752,63.4364739388675,0.6328434110103405,119.07818838499396
2023-10-10,08:00:00,60.657332097118484,56.21792743884651,0.5476487262752436,122.14087584330083
2023-10-10,20:00:00,52.07554994523751,54.769219847040326,0.7081193403173657,116.08374684874599
2023-10-11,08:00:00,43.386870715832785,65.31762683299996,0.7892175201567481,130.4850094468983
2023-10-11,20:00:00,47.99593591341124,53.60296917101578,0.7613668958357469,112.85518019364139
2023-10-12,08:00:00,43.138996698056125,59.568436957114514,0.7100926423366177,106.81187608261158
2023-10-12,20:00:00,50.19010146101415,60.510073072653284,0.6751803961830746,143.2471676161756
2023-10-13,08:00:00,51.49300749410422,51.02038491513028,0.7402332809945192,144.7160847564498
2023-10-13,20:00:00,59.2352945146626,68.03934782024339,0.6512771770528714,117.33395040090139
2023-10-14,08:00:00,51.93929510826163,56.79622525284825,0.7238120870069302,152.5828467545816
2023-10-14,20:00:00,48.66047658864296,51.42435260869405,0.725269786151756,123.25887977340837
2023-10-15,08:00:00,53.35451178758129,64.79178233397954,0.7529712209846373,142.12623060624352
2023-10-15,20:00:00,37.60390845174559,50.8955937405789,0.8378705494232203,154.598714087024
2023-10-16,08:00:00,49.290767730093954,60.62419272521231,0.7193975559258229,138.60357951090657
2023-10-16,20:00:00,51.42155128162992,60.72162107201466,0.674180195438722,149.4084602916445
2023-10-17,08:00:00,39.630655419002046,72.15031971535292,0.6981637172597398,130.9754542925639
2023-10-17,20:00:00,52.20095831786291,66.52481993477524,0.6107651657462241,138.31654985131755
2023-10-18,08:00:00,47.63591918064166,62.02175614328084,0.664222346583183,139.020848946275
2023-10-18,20:00:00,43.33129967897843,70.95138220270933,0.6781954865076057,129.04789925622015
2023-10-19,08:00:00,48.039406927048276,77.18478113798683,0.6721194130681768,141.23369466371886
2023-10-19,20:00:00,55.70057705379575,69.37687261992527,0.7055684835753424,114.53387815592703
2023-10-20,08:00:00,44.73231370331371,64.42521865293749,0.6564194030233281,136.3667231255688
2023-10-20,20:00:00,44.54460399049652,51.73289063278423,0.7531444225490376,141.12152605097214
2023-10-21,08:00:00,40.49225513380742,54.73609023506964,0.6966186460463613,142.26962269191307
2023-10-21,20:00:00,38.030823478874765,62.877140228444865,0.6956216856223486,143.08171942228677
2023-10-22,08:00:00,45.92852032184364,60.38238262294384,0.6791334781386843,147.13849405189438
2023-10-22,20:00:00,36.99940696388669,65.1616339013957,0.7026924689362218,158.36783382189446
2023-10-23,08:00:00,41.147205140431005,68.15717890518204,0.7355558892600202,166.61720953784615
2023-10-23,20:00:00,37.91756671374312,73.45219356262089,0.6502759459411991,136.42165823191215
2023-10-24,08:00:00,42.224529110319644,68.01987921462967,0.6600216781815549,125.58492936163043
2023-10-24,20:00:00,41.02937100010762,74.16425787541851,0.6769999449609954,128.98165811476554
2023-10-25,08:00:00,44.08819780147174,70.5228903245018,0.6241152813248672,140.19349987386687
2023-10-25,20:00:00,35.898207436858506,50.70667046299664,0.6496324992281286,142.9554206812192
2023-10-26,08:00:00,36.655400192849385,61.655210448758936,0.6659350499294219,134.5914250632713
2023-10-26,20:00:00,32.67646961524291,70.19870679013552,0.7325805505195291,124.00772600237666
2023-10-27,08:00:00,34.92369011008813,60.13719236464161,0.7010686188221651,140.68764125802127
2023-10-27,20:00:00,38.61620194759503,78.83127231082881,0.6966641450525185,153.2600154635329
2023-10-28,08:00:00,40.1091731756771,88.74037321912947,0.7285384607956807,161.29513435718104
2023-10-28,20:00:00,31.318226785554323,86.22414357463819,0.6780988890490636,137.95106130610932
2023-10-29,08:00:00,39.892496444081054,72.50828122055296,0.70342983239866,140.48680552855464
2023-10-29,20:00:00,41.94894914663749,90.15842424496583,0.6776500089619737,129.80271249538583
2023-10-30,08:00:00,36.8753882103525,77.34830087350655,0.694949322191322,147.24097129379015
2023-10-30,20:00:00,43.84108029191512,73.10298204655784,0.6513791939656209,130.37796644554606
2023-10-31,08:00:00,30.24874071721089,70.95352342089737,0.5573782241077103,158.23020348758763
2023-10-31,20:00:00,27.566952079782823,74.6777945113787,0.6713733375677555,110.41642988062088
2023-11-01,08:00:00,24.581363090322938,74.43663718923979,0.7479594063965117,138.25302857885575
2023-11-01,20:00:00,40.65236175867817,80.63919352049679,0.7218342019609912,150.72619013588778
2023-11-02,08:00:00,36.15380938979122,81.15784789688537,0.7224617110234192,147.586586064672
2023-11-02,20:00:00,32.32678208117,80.1998346980976,0.7346340010758454,196.92478633001988
2023-11-03,08:00:00,33.74036500008384,85.15595089743442,0.675863452698606,149.16369036333572
2023-11-03,20:00:00,26.46218400054074,93.30989364752912,0.6798672095048609,121.14058839924417
2023-11-04,08:00:00,44.08097626710564,91.515239794099,0.6376576920813422,138.31791194431835
2023-11-04,20:00:00,32.27456785679813,67.78613123111475,0.651243793439063,103.66048229811622
2023-11-05,08:00:00,31.96550834656378,57.710196436014755,0.6963117106869812,136.48554666646902
2023-11-05,20:00:00,34.851424764762804,93.20552809023032,0.7241619464017753,120.3037530595059
2023-11-06,08:00:00,33.44582739187038,70.80482802216919,0.6554091291678501,154.09654406048148
2023-11-06,20:00:00,31.99266009345074,82.83535305613158,0.6382551436637365,123.57971226591448
2023-11-07,08:00:00,26.767721680114693,73.98911692984676,0.6591439185808418,130.97632605469187
2023-11-07,20:00:00,32.93880023599362,68.27527389412265,0.6875008315169503,119.30244190964896
2023-11-08,08:00:00,39.86756027366869,92.31187153290209,0.5835411019542651,165.45493431037403
2023-11-08,20:00:00,37.07522555190097,95.08804180191159,0.5391888401840103,122.88128533796794
2023-11-09,08:00:00,38.21953644412704,82.32745840863062,0.6247061134811279,164.5510528733362
2023-11-09,20:00:00,27.61786451802252,62.774785625963474,0.5894037579076032,142.74391017594655
2023-11-10,08:00:00,25.161179941864408,83.81173320690009,0.6232104851891354,134.63205620699753
2023-11-10,20:00:00,29.430500863344594,93.77726054865441,0.6393786304336688,130.86584393125935
2023-11-11,08:00:00,30.30329918067391,75.6509735902403,0.6222277607374949,129.83996223039622
2023-11-11,20:00:00,35.47590526349858,92.85013731935463,0.7156088295100057,81.85757175950815
2023-11-12,08:00:00,21.537946317970917,91.43522448695943,0.6573910578007596,113.25636055780551
2023-11-12,20:00:00,37.65839512366308,97.94811677324303,0.6541193629868809,134.138045412539
2023-11-13,08:00:00,29.246022549934136,93.9127382062448,0.6682216547550398,114.63753280463364
2023-11-13,20:00:00,27.94210053564582,83.54259398804385,0.5781594947053227,85.87390727683712
2023-11-14,08:00:00,25.071422738739976,105.78972788102956,0.6850211717405096,111.27540610333017
2023-11-14,20:00:00,21.928053147990873,92.78359403633841,0.6272167615735696,144.73690474339764
2023-11-15,08:00:00,34.40348150344664,94.63463802811474,0.6624437497823423,133.9113987132295
2023-11-15,20:00:00,30.754346487125737,86.10748613857143,0.5732173421490427,106.04170189333537
2023-11-16,08:00:00,24.05284085253168,91.53328874004957,0.5469888891781073,124.61042241564758
2023-11-16,20:00:00,24.1568143555591,87.6372701854447,0.6634144742812115,96.54438786787215
2023-11-17,08:00:00,29.097424236615115,95.26804354752781,0.6391605776494748,68.08563175568024
2023-11-17,20:00:00,39.28006304648173,114.61959966749671,0.5730349898332884,81.95973532991977
2023-11-18,08:00:00,29.80995514811579,84.2811042518554,0.572429650375012,129.99229400448806
2023-11-18,20:00:00,23.77937225108136,82.35448194787698,0.6699379698499514,91.54160866023221
2023-11-19,08:00:00,30.267624562457577,113.68395143829251,0.5519276742050644,90.44424492172678
2023-11-19,20:00:00,30.34790118723307,97.35313149472675,0.6912429935095282,87.61112765652511
2023-11-20,08:00:00,20.0,93.22152812415483,0.5617688555862078,129.99410713438485
2023-11-20,20:00:00,31.911523715364897,110.76875953176713,0.6363899391020749,122.74354908777677
2023-11-21,08:00:00,31.284270409690286,94.76239063994304,0.5856902119074073,132.92446636732979
2023-11-21,20:00:00,36.189136759277375,119.51866276562635,0.6299120845301562,83.70591417402159
2023-11-22,08:00:00,42.235061568595924,108.46884386204651,0.5701598202130235,91.15268505721568
2023-11-22,20:00:00,38.91808431208025,97.23230803394854,0.5868203616046952,53.278077728341835
2023-11-23,08:00:00,32.24837368646612,124.0969800732165,0.5945825841472446,111.5396231153646
2023-11-23,20:00:00,28.380093999540406,96.86968876739138,0.5399864589319444,57.056515130072746
2023-11-24,08:00:00,47.111536623583326,110.7410254164762,0.6246793024811802,83.18182303432273
2023-11-24,20:00:00,34.884701620027656,106.69635836119475,0.5595031699824619,55.35934211979537
2023-11-25,08:00:00,35.0137267246951,117.09417117313319,0.5712435908056429,64.01382437765542
2023-11-25,20:00:00,35.19025708166975,120.05500277767709,0.5304502998588883,57.560148492364505
2023-11-26,08:00:00,36.679163946118976,105.11271790496917,0.4495301829227534,60.69234321967899
2023-11-26,20:00:00,35.35556669621465,97.6007870312823,0.5655599646071356,60.64377243597586
2023-11-27,08:00:00,33.608165832509194,110.06633528871802,0.6931924773878808,59.07082949545367
2023-11-27,20:00:00,34.15146639197054,99.01032668323971,0.609228620721127,85.34809792481035
2023-11-28,08:00:00,37.14115006091429,126.23130193153705,0.5664589161299479,50.0
2023-11-28,20:00:00,35.016502486625846,107.76168317594386,0.5516882360190578,70.49471225907884
2023-11-29,08:00:00,34.60733931857912,103.03083955102473,0.5633547152432881,89.20337102625884
2023-11-29,20:00:00,39.15056361416775,108.80728630001782,0.5869743097285858,53.38190581355269
2023-11-30,08:00:00,37.79893668100374,93.75423447223106,0.4979534285023254,50.0
2023-11-30,20:00:00,47.05742129965272,97.76284486053827,0.6100751450276786,56.768239901210656
2023-12-01,08:00:00,26.75411525816714,119.7249786379628,0.5874828886369409,83.90715670677108
2023-12-01,20:00:00,45.94552599000613,101.38201512444732,0.5849681410053804,63.17539493554433
2023-12-02,08:00:00,47.204604082777635,97.70013306232696,0.5683184423712994,50.0
2023-12-02,20:00:00,31.100206392543583,113.74212959512666,0.544702559190304,67.07670256110424
2023-12-03,08:00:00,40.25312103503781,120.42698963822491,0.5746836320935843,50.0
2023-12-03,20:00:00,40.61480228167786,115.94173178224983,0.5679423985856921,69.33261086415848
2023-12-04,08:00:00,35.945561487970735,118.88275352190583,0.5179535615206678,63.108340617524966
2023-12-04,20:00:00,39.61043094134699,101.51215916604471,0.5042727044675386,50.0
2023-12-05,08:00:00,38.46792198704988,95.00752535115616,0.5353366033679897,50.0
2023-12-05,20:00:00,53.307940351261166,124.37211747539993,0.6049801008589961,50.0
2023-12-06,08:00:00,49.75487138481196,106.2527021048946,0.4628538641775362,63.0936613511149
2023-12-06,20:00:00,51.96785173558479,107.07940935834083,0.4487084111297537,76.48044332443303
2023-12-07,08:00:00,49.755337381528854,122.96539363874167,0.5275940173803925,50.0
2023-12-07,20:00:00,41.04151888099953,115.32889815825831,0.5191680192014286,60.245806084597554
2023-12-08,08:00:00,44.60647068993517,114.39601957489694,0.5225552481362217,50.0
2023-12-08,20:00:00,50.22032457685047,131.54507717317122,0.5233477423599291,50.0
2023-12-09,08:00:00,42.20886822783976,103.50512685298878,0.49724978922773705,50.0
2023-12-09,20:00:00,52.431819702835014,119.25129027334054,0.5801613109379445,50.0
2023-12-10,08:00:00,48.213373692912455,110.56291068727229,0.42288011058874864,50.0
2023-12-10,20:00:00,48.08951006183682,112.68589486187857,0.45875707833833335,50.0
2023-12-11,08:00:00,54.06705474136254,125.279148116397,0.492275777401942,55.86948347864911
2023-12-11,20:00:00,53.28182672353083,115.05461467024757,0.41253614266469285,50.0
2023-12-12,08:00:00,49.80313643803515,115.32832033702992,0.4831609289177523,50.0
2023-12-12,20:00:00,57.9508631912527,120.62685762377764,0.5722867373818408,50.0
2023-12-13,08:00:00,47.293523131820464,106.19602237249615,0.4875191631557445,50.0
2023-12-13,20:00:00,56.32111219007138,101.38458293247965,0.49527403863018593,60.1853406651627
2023-12-14,08:00:00,56.74709525165353,99.24711128128843,0.41799796943623296,50.0
2023-12-14,20:00:00,52.77116545950865,89.93758911507814,0.4474589256045728,50.0
2023-12-15,08:00:00,56.48362095828639,130.05664608375483,0.45679205280438445,50.0
2023-12-15,20:00:00,49.12779370820591,98.3434240128668,0.45694559307130683,80.64006115043625
2023-12-16,08:00:00,60.52985078552993,107.03146783869884,0.53419812592889,50.0
2023-12-16,20:00:00,55.50711131655844,106.33198667254035,0.4952907006101983,61.7887740314116
2023-12-17,08:00:00,54.33507261649061,112.01798235401942,0.40912959413452515,57.66327855947315
2023-12-17,20:00:00,62.70556982387677,116.93282944444938,0.4743307170551274,50.0
2023-12-18,08:00:00,54.44502625316689,117.19955170319436,0.4842267009380119,71.7789884929069
2023-12-18,20:00:00,51.42466327707415,102.57129596823023,0.5136408561839239,61.58848714814341
2023-12-19,08:00:00,51.17767650504606,106.52608238573937,0.5329863893930868,68.3618778931115
2023-12-19,20:00:00,62.47798061891567,110.80639052577266,0.4005392595038442,137.68636537770152
2023-12-20,08:00:00,53.52578185574765,105.26512533014369,0.4080948723205816,50.0
2023-12-20,20:00:00,69.17442529318768,123.58518875839104,0.3831122982835663,95.72863473834494
2023-12-21,08:00:00,50.455505483949906,112.16953149138011,0.43165380417300026,56.59129788539651
2023-12-21,20:00:00,69.80395513731109,114.34506804945089,0.46404698037685543,69.23665821818
2023-12-22,08:00:00,62.82476044855794,113.35018187920814,0.48748120470802647,63.77260028258307
2023-12-22,20:00:00,61.72524923894055,118.16987395176855,0.4317139895904835,57.43241416969627
2023-12-23,08:00:00,59.91417241076777,107.94792550972817,0.41692836095495717,55.79485706410939
2023-12-23,20:00:00,65.05488923115821,92.86089926901485,0.4379304550240488,75.09464569500147
2023-12-24,08:00:00,63.28164729634529,109.50667197560844,0.38602033569561195,50.0
2023-12-24,20:00:00,69.3868046658144,98.66599734633454,0.5297029319554201,86.25148739346518
2023-12-25,08:00:00,64.8314688380704,99.55251321488679,0.34230552943578396,64.33527696548862
2023-12-25,20:00:00,65.39114208315635,110.35091820840091,0.4294027419368425,51.50919027924753
2023-12-26,08:00:00,63.189856765864086,116.50833973433515,0.5188381781479132,66.59217611114198
2023-12-26,20:00:00,65.08017894985737,103.96624195653247,0.41550550749084497,102.24597547055947
2023-12-27,08:00:00,67.2493411664526,106.45981713785005,0.4031871744438538,67.93377259237877
2023-12-27,20:00:00,57.49309164912362,120.00170267538562,0.39235689480814645,87.37214725695617
2023-12-28,08:00:00,59.624532753053096,104.98542256554731,0.3987665133166038,67.16982978637859
2023-12-28,20:00:00,70.39098955746273,128.18350082727488,0.47400280399516387,98.5546876666176
2023-12-29,08:00:00,67.82565575626379,107.40116052526386,0.29235937538634993,98.73322570006054
2023-12-29,20:00:00,66.33529834378933,83.70862439807934,0.4772345076275174,123.63967970412068
2023-12-30,08:00:00,67.61828447288049,108.4108316247961,0.32699402711591025,84.81633435878254
2023-12-30,20:00:00,69.52173255293033,104.24132397695966,0.38250748714503885,103.37454553354499
2023-12-31,08:00:00,65.3293503217331,112.87094320242805,0.3720457006749654,93.6483940194605
2023-12-31,20:00:00,64.36738138754099,106.24044871741309,0.42062344131066204,119.29984813237164
